{"cameraMode":{"drawMode":0,"name":"Shaded","section":"Shading Mode"},"sceneLighting":true,"audioPlay":false,"sceneViewState":{"m_AlwaysRefresh":false,"showFog":true,"showSkybox":true,"showFlares":true,"showImageEffects":true,"showParticleSystems":true,"showVisualEffectGraphs":true,"m_FxEnabled":true},"in2DMode":false,"pivot":{"x":6.995170593261719,"y":-2.3308050632476808,"z":7.111942768096924},"rotation":{"x":-0.06496170908212662,"y":-0.39523619413375857,"z":0.028028316795825959,"w":-0.9158569574356079},"size":8.200704574584961,"orthographic":false}